{"cameraMode":{"drawMode":0,"name":"Shaded","section":"Shading Mode"},"sceneLighting":true,"audioPlay":false,"sceneViewState":{"showFog":true,"showMaterialUpdate":false,"showSkybox":true,"showFlares":true,"showImageEffects":true,"showParticleSystems":true},"in2DMode":false,"pivot":{"x":-21.569814682006837,"y":3.409515380859375,"z":34.62268829345703},"rotation":{"x":0.14741328358650208,"y":-0.6961079239845276,"z":0.14946569502353669,"w":0.6865834593772888},"size":15.023307800292969,"orthographic":false}